{
  "source_results": "results/arc-n30-umans-c2-20260702T112934Z/raw/results.json",
  "n_requests": 60,
  "providers": [
    "umans"
  ],
  "suites": [
    "arc"
  ],
  "provider_summary": {
    "umans": {
      "requests": 60,
      "ok_requests": 60,
      "error_requests": 0,
      "input_tokens": {
        "n": 60,
        "min": 64.0,
        "max": 155.0,
        "mean": 107.3,
        "median": 105.5,
        "p95": 146.0
      },
      "output_tokens": {
        "n": 60,
        "min": 49.0,
        "max": 300.0,
        "mean": 181.8,
        "median": 177.0,
        "p95": 300.0
      },
      "total_tokens": {
        "n": 60,
        "min": 142.0,
        "max": 445.0,
        "mean": 289.1,
        "median": 277.5,
        "p95": 441.0
      },
      "ttft_ms": {
        "n": 48,
        "min": 1495.2797694131732,
        "max": 55416.77411738783,
        "mean": 9689.29720018059,
        "median": 4816.452680155635,
        "p95": 28107.199472002685
      },
      "e2e_ms": {
        "n": 60,
        "min": 1541.5906114503741,
        "max": 83804.26018405706,
        "mean": 13655.540248084193,
        "median": 5719.331604428589,
        "p95": 55143.881184468046
      },
      "inter_token_latency_ms": {
        "n": 0,
        "min": null,
        "max": null,
        "mean": null,
        "median": null,
        "p95": null
      },
      "throttled_events": 0,
      "backoff_ms": 16724.363466441886,
      "avg_attempts": 1.1333333333333333
    }
  },
  "parity_summary": {},
  "upstream_aggregates": {
    "by_suite": {
      "arc": {
        "umans": {
          "latency": {
            "clean": {
              "ttft_ms": {
                "n": 25,
                "median": 4762.073229067028,
                "min": 1495.2797694131732,
                "max": 55416.77411738783,
                "p95": 26267.667477764167
              },
              "inter_token_latency_ms": {
                "n": 0,
                "median": null,
                "min": null,
                "max": null,
                "p95": null
              },
              "e2e_ms": {
                "n": 29,
                "median": 5085.793446749449,
                "min": 1541.5906114503741,
                "max": 83804.26018405706,
                "p95": 44510.06827764207
              },
              "n": 29
            },
            "effective": {
              "ttft_ms": {
                "n": 25,
                "median": 4762.073229067028,
                "min": 1495.2797694131732,
                "max": 55416.77411738783,
                "p95": 26267.667477764167
              },
              "inter_token_latency_ms": {
                "n": 0,
                "median": null,
                "min": null,
                "max": null,
                "p95": null
              },
              "e2e_ms": {
                "n": 30,
                "median": 5365.984918083996,
                "min": 1541.5906114503741,
                "max": 83804.26018405706,
                "p95": 51772.892344836124
              },
              "n": 30
            }
          }
        }
      }
    },
    "cost": {
      "umans": 0.0
    },
    "cost_by_tier": {
      "usage_tiers": {
        "early_setup": {
          "tokens_per_day_min": 50000000.0,
          "tokens_per_day_max": 90000000.0
        },
        "maximized": {
          "tokens_per_day_min": 100000000.0,
          "tokens_per_day_max": 300000000.0
        }
      },
      "providers": {
        "umans": {
          "mode": "subscription",
          "monthly_usd": 50.0,
          "effective_usd_per_million_by_tier": {
            "early_setup": {
              "low_usage_usd_per_million": 0.03333333333333333,
              "high_usage_usd_per_million": 0.018518518518518517
            },
            "maximized": {
              "low_usage_usd_per_million": 0.016666666666666666,
              "high_usage_usd_per_million": 0.005555555555555556
            }
          }
        }
      }
    }
  }
}